<?xml version="1.0" encoding="UTF-8"?>
<beans xmlns="http://www.springframework.org/schema/beans"
	xmlns:xsi="http://www.w3.org/2001/XMLSchema-instance" xmlns:aop="http://www.springframework.org/schema/aop"
	xsi:schemaLocation="http://www.springframework.org/schema/beans 
	http://www.springframework.org/schema/beans/spring-beans.xsd
	http://www.springframework.org/schema/aop 
	http://www.springframework.org/schema/aop/spring-aop.xsd">

	<bean id="advice" class="com.cg.aop.AccountAspect" />
	<bean id="account" class="com.cg.aop.Account" />
	
	<bean class="org.springframework.aop.aspectj.annotation.AnnotationAwareAspectJAutoProxyCreator"></bean>
	
	 <!-- <aop:config>
		<aop:aspect ref="advice">
			<aop:pointcut id="mypoint" expression="execution(* com.test.*.*())"/>
				<aop:before
				pointcut-ref="mypoint"
				method="beforeAdvice" />
			 
				</aop:aspect>
	</aop:config> -->
</beans>